var_id,var_name,var_url,var_label,var_dataset
1,DRG7ING4,https://www.icpsr.umich.edu/icpsrweb/ICPSR/ssvd/studies/04406/datasets/0001/variables/DRG7ING4?q=*&paging.startRow=1,Ingredient code #4 for medication #7,"Taken from: National Hospital Ambulatory Medical Care Survey, 2003 - Emergency Department Data."
2,DRG7ING5,https://www.icpsr.umich.edu/icpsrweb/ICPSR/ssvd/studies/04406/datasets/0001/variables/DRG7ING5?q=*&paging.startRow=1,Ingredient code #5 for medication #7,"Taken from: National Hospital Ambulatory Medical Care Survey, 2003 - Emergency Department Data."
3,GEN8,https://www.icpsr.umich.edu/icpsrweb/ICPSR/ssvd/studies/04406/datasets/0001/variables/GEN8?q=*&paging.startRow=1,Generic name code for medication #8,"Taken from: National Hospital Ambulatory Medical Care Survey, 2003 - Emergency Department Data."
4,PRESCR8,https://www.icpsr.umich.edu/icpsrweb/ICPSR/ssvd/studies/04406/datasets/0001/variables/PRESCR8?q=*&paging.startRow=1,Prescription status code for medication #8,"Taken from: National Hospital Ambulatory Medical Care Survey, 2003 - Emergency Department Data."
5,CONTSUB8,https://www.icpsr.umich.edu/icpsrweb/ICPSR/ssvd/studies/04406/datasets/0001/variables/CONTSUB8?q=*&paging.startRow=1,Controlled substance code for medication #8,"Taken from: National Hospital Ambulatory Medical Care Survey, 2003 - Emergency Department Data."
6,COMSTAT8,https://www.icpsr.umich.edu/icpsrweb/ICPSR/ssvd/studies/04406/datasets/0001/variables/COMSTAT8?q=*&paging.startRow=1,Composition status code for medication #8,"Taken from: National Hospital Ambulatory Medical Care Survey, 2003 - Emergency Department Data."
7,DRUG8CL1,https://www.icpsr.umich.edu/icpsrweb/ICPSR/ssvd/studies/04406/datasets/0001/variables/DRUG8CL1?q=*&paging.startRow=1,Drug class #1 for medication #8,"Taken from: National Hospital Ambulatory Medical Care Survey, 2003 - Emergency Department Data."
8,DRUG8CL2,https://www.icpsr.umich.edu/icpsrweb/ICPSR/ssvd/studies/04406/datasets/0001/variables/DRUG8CL2?q=*&paging.startRow=1,Drug class #2 for medication #8,"Taken from: National Hospital Ambulatory Medical Care Survey, 2003 - Emergency Department Data."
9,DRUG8CL3,https://www.icpsr.umich.edu/icpsrweb/ICPSR/ssvd/studies/04406/datasets/0001/variables/DRUG8CL3?q=*&paging.startRow=1,Drug class #3 for medication #8,"Taken from: National Hospital Ambulatory Medical Care Survey, 2003 - Emergency Department Data."
10,DRG8ING1,https://www.icpsr.umich.edu/icpsrweb/ICPSR/ssvd/studies/04406/datasets/0001/variables/DRG8ING1?q=*&paging.startRow=1,Ingredient code #1 for medication #8,"Taken from: National Hospital Ambulatory Medical Care Survey, 2003 - Emergency Department Data."
11,DRG8ING2,https://www.icpsr.umich.edu/icpsrweb/ICPSR/ssvd/studies/04406/datasets/0001/variables/DRG8ING2?q=*&paging.startRow=1,Ingredient code #2 for medication #8,"Taken from: National Hospital Ambulatory Medical Care Survey, 2003 - Emergency Department Data."
12,DRG8ING3,https://www.icpsr.umich.edu/icpsrweb/ICPSR/ssvd/studies/04406/datasets/0001/variables/DRG8ING3?q=*&paging.startRow=1,Ingredient code #3 for medication #8,"Taken from: National Hospital Ambulatory Medical Care Survey, 2003 - Emergency Department Data."
13,DRG8ING4,https://www.icpsr.umich.edu/icpsrweb/ICPSR/ssvd/studies/04406/datasets/0001/variables/DRG8ING4?q=*&paging.startRow=1,Ingredient code #4 for medication #8,"Taken from: National Hospital Ambulatory Medical Care Survey, 2003 - Emergency Department Data."
14,DRG8ING5,https://www.icpsr.umich.edu/icpsrweb/ICPSR/ssvd/studies/04406/datasets/0001/variables/DRG8ING5?q=*&paging.startRow=1,Ingredient code #5 for medication #8,"Taken from: National Hospital Ambulatory Medical Care Survey, 2003 - Emergency Department Data."
15,RACER,https://www.icpsr.umich.edu/icpsrweb/ICPSR/ssvd/studies/04406/datasets/0001/variables/RACER?q=*&paging.startRow=1,Race recode,"Taken from: National Hospital Ambulatory Medical Care Survey, 2003 - Emergency Department Data."
16,AGEDAYS,https://www.icpsr.umich.edu/icpsrweb/ICPSR/ssvd/studies/04406/datasets/0001/variables/AGEDAYS?q=*&paging.startRow=1,Age in days for patients less than one year,"Taken from: National Hospital Ambulatory Medical Care Survey, 2003 - Emergency Department Data."
17,AGER,https://www.icpsr.umich.edu/icpsrweb/ICPSR/ssvd/studies/04406/datasets/0001/variables/AGER?q=*&paging.startRow=1,Age recode,"Taken from: National Hospital Ambulatory Medical Care Survey, 2003 - Emergency Department Data."
18,CAUSE1R,https://www.icpsr.umich.edu/icpsrweb/ICPSR/ssvd/studies/04406/datasets/0001/variables/CAUSE1R?q=*&paging.startRow=1,Cause of Injury #1 - numeric recode,"Taken from: National Hospital Ambulatory Medical Care Survey, 2003 - Emergency Department Data."
19,CAUSE2R,https://www.icpsr.umich.edu/icpsrweb/ICPSR/ssvd/studies/04406/datasets/0001/variables/CAUSE2R?q=*&paging.startRow=1,Cause of injury #2 - numeric recode,"Taken from: National Hospital Ambulatory Medical Care Survey, 2003 - Emergency Department Data."
20,CAUSE3R,https://www.icpsr.umich.edu/icpsrweb/ICPSR/ssvd/studies/04406/datasets/0001/variables/CAUSE3R?q=*&paging.startRow=1,Cause of injury #3 - numeric recode,"Taken from: National Hospital Ambulatory Medical Care Survey, 2003 - Emergency Department Data."
21,INTENTR,https://www.icpsr.umich.edu/icpsrweb/ICPSR/ssvd/studies/04406/datasets/0001/variables/INTENTR?q=*&paging.startRow=1,Intentionality recode,"Taken from: National Hospital Ambulatory Medical Care Survey, 2003 - Emergency Department Data."
22,DIAG1R,https://www.icpsr.umich.edu/icpsrweb/ICPSR/ssvd/studies/04406/datasets/0001/variables/DIAG1R?q=*&paging.startRow=1,Physician's diagnosis #1 - numeric recode,"Taken from: National Hospital Ambulatory Medical Care Survey, 2003 - Emergency Department Data."
23,DIAG2R,https://www.icpsr.umich.edu/icpsrweb/ICPSR/ssvd/studies/04406/datasets/0001/variables/DIAG2R?q=*&paging.startRow=1,Physician's diagnosis #2 - numeric recode,"Taken from: National Hospital Ambulatory Medical Care Survey, 2003 - Emergency Department Data."
24,DIAG3R,https://www.icpsr.umich.edu/icpsrweb/ICPSR/ssvd/studies/04406/datasets/0001/variables/DIAG3R?q=*&paging.startRow=1,Physician's diagnosis #3 - numeric recode,"Taken from: National Hospital Ambulatory Medical Care Survey, 2003 - Emergency Department Data."
25,WHOCOMP,https://www.icpsr.umich.edu/icpsrweb/ICPSR/ssvd/studies/04406/datasets/0001/variables/WHOCOMP?q=*&paging.startRow=1,Who completed the Patient Record forms?,"Taken from: National Hospital Ambulatory Medical Care Survey, 2003 - Emergency Department Data."
26,SETTYPE,https://www.icpsr.umich.edu/icpsrweb/ICPSR/ssvd/studies/04406/datasets/0001/variables/SETTYPE?q=*&paging.startRow=1,Setting type,"Taken from: National Hospital Ambulatory Medical Care Survey, 2003 - Emergency Department Data."
27,YEAR,https://www.icpsr.umich.edu/icpsrweb/ICPSR/ssvd/studies/04406/datasets/0001/variables/YEAR?q=*&paging.startRow=1,Survey year (2003),"Taken from: National Hospital Ambulatory Medical Care Survey, 2003 - Emergency Department Data."
28,CSTRATM,https://www.icpsr.umich.edu/icpsrweb/ICPSR/ssvd/studies/04406/datasets/0001/variables/CSTRATM?q=*&paging.startRow=1,Clustered PSU stratum marker (masked),"Taken from: National Hospital Ambulatory Medical Care Survey, 2003 - Emergency Department Data."
29,CPSUM,https://www.icpsr.umich.edu/icpsrweb/ICPSR/ssvd/studies/04406/datasets/0001/variables/CPSUM?q=*&paging.startRow=1,Clustered PSU marker (masked),"Taken from: National Hospital Ambulatory Medical Care Survey, 2003 - Emergency Department Data."
30,VMONTH,https://www.icpsr.umich.edu/icpsrweb/ICPSR/ssvd/studies/04406/datasets/0002/variables/VMONTH?q=*&paging.startRow=1,Month of Visit,"Taken from: National Hospital Ambulatory Medical Care Survey, 2003 - Outpatient Department Data."
31,VYEAR,https://www.icpsr.umich.edu/icpsrweb/ICPSR/ssvd/studies/04406/datasets/0002/variables/VYEAR?q=*&paging.startRow=1,Year of Visit,"Taken from: National Hospital Ambulatory Medical Care Survey, 2003 - Outpatient Department Data."
32,VDAYR,https://www.icpsr.umich.edu/icpsrweb/ICPSR/ssvd/studies/04406/datasets/0002/variables/VDAYR?q=*&paging.startRow=1,Day of Week of Visit,"Taken from: National Hospital Ambulatory Medical Care Survey, 2003 - Outpatient Department Data."
33,AGE,https://www.icpsr.umich.edu/icpsrweb/ICPSR/ssvd/studies/04406/datasets/0002/variables/AGE?q=*&paging.startRow=1,Patient age in years,"Taken from: National Hospital Ambulatory Medical Care Survey, 2003 - Outpatient Department Data."
34,SEX,https://www.icpsr.umich.edu/icpsrweb/ICPSR/ssvd/studies/04406/datasets/0002/variables/SEX?q=*&paging.startRow=1,Patient Sex,"Taken from: National Hospital Ambulatory Medical Care Survey, 2003 - Outpatient Department Data."
35,ETHNIC,https://www.icpsr.umich.edu/icpsrweb/ICPSR/ssvd/studies/04406/datasets/0002/variables/ETHNIC?q=*&paging.startRow=1,Patient ethnicity,"Taken from: National Hospital Ambulatory Medical Care Survey, 2003 - Outpatient Department Data."
36,RACE,https://www.icpsr.umich.edu/icpsrweb/ICPSR/ssvd/studies/04406/datasets/0002/variables/RACE?q=*&paging.startRow=1,Patient race,"Taken from: National Hospital Ambulatory Medical Care Survey, 2003 - Outpatient Department Data."
37,USETOBAC,https://www.icpsr.umich.edu/icpsrweb/ICPSR/ssvd/studies/04406/datasets/0002/variables/USETOBAC?q=*&paging.startRow=1,Does patient use tobacco?,"Taken from: National Hospital Ambulatory Medical Care Survey, 2003 - Outpatient Department Data."
38,PAYTYPE,https://www.icpsr.umich.edu/icpsrweb/ICPSR/ssvd/studies/04406/datasets/0002/variables/PAYTYPE?q=*&paging.startRow=1,Expected source of payment,"Taken from: National Hospital Ambulatory Medical Care Survey, 2003 - Outpatient Department Data."
39,RFV1,https://www.icpsr.umich.edu/icpsrweb/ICPSR/ssvd/studies/04406/datasets/0002/variables/RFV1?q=*&paging.startRow=1,Reason for visit #1,"Taken from: National Hospital Ambulatory Medical Care Survey, 2003 - Outpatient Department Data."
40,RFV2,https://www.icpsr.umich.edu/icpsrweb/ICPSR/ssvd/studies/04406/datasets/0002/variables/RFV2?q=*&paging.startRow=1,Reason for visit #2,"Taken from: National Hospital Ambulatory Medical Care Survey, 2003 - Outpatient Department Data."
41,RFV3,https://www.icpsr.umich.edu/icpsrweb/ICPSR/ssvd/studies/04406/datasets/0002/variables/RFV3?q=*&paging.startRow=1,Reason for visit #3,"Taken from: National Hospital Ambulatory Medical Care Survey, 2003 - Outpatient Department Data."
42,RFV13D,https://www.icpsr.umich.edu/icpsrweb/ICPSR/ssvd/studies/04406/datasets/0002/variables/RFV13D?q=*&paging.startRow=1,Reason for visit #1 - broad,"Taken from: National Hospital Ambulatory Medical Care Survey, 2003 - Outpatient Department Data."
43,RFV23D,https://www.icpsr.umich.edu/icpsrweb/ICPSR/ssvd/studies/04406/datasets/0002/variables/RFV23D?q=*&paging.startRow=1,Reason for visit #2 - broad,"Taken from: National Hospital Ambulatory Medical Care Survey, 2003 - Outpatient Department Data."
44,RFV33D,https://www.icpsr.umich.edu/icpsrweb/ICPSR/ssvd/studies/04406/datasets/0002/variables/RFV33D?q=*&paging.startRow=1,Reason for visit #3 - broad,"Taken from: National Hospital Ambulatory Medical Care Survey, 2003 - Outpatient Department Data."
45,PRIMCARE,https://www.icpsr.umich.edu/icpsrweb/ICPSR/ssvd/studies/04406/datasets/0002/variables/PRIMCARE?q=*&paging.startRow=1,Are you the patient's primary care physician?,"Taken from: National Hospital Ambulatory Medical Care Survey, 2003 - Outpatient Department Data."
46,REFER,https://www.icpsr.umich.edu/icpsrweb/ICPSR/ssvd/studies/04406/datasets/0002/variables/REFER?q=*&paging.startRow=1,Was patient referred for this visit?,"Taken from: National Hospital Ambulatory Medical Care Survey, 2003 - Outpatient Department Data."
47,SENBEFOR,https://www.icpsr.umich.edu/icpsrweb/ICPSR/ssvd/studies/04406/datasets/0002/variables/SENBEFOR?q=*&paging.startRow=1,Has patient been seen in this clinic before?,"Taken from: National Hospital Ambulatory Medical Care Survey, 2003 - Outpatient Department Data."
48,PASTVIS,https://www.icpsr.umich.edu/icpsrweb/ICPSR/ssvd/studies/04406/datasets/0002/variables/PASTVIS?q=*&paging.startRow=1,How many past visits in last 12 months?,"Taken from: National Hospital Ambulatory Medical Care Survey, 2003 - Outpatient Department Data."
49,MAJOR,https://www.icpsr.umich.edu/icpsrweb/ICPSR/ssvd/studies/04406/datasets/0002/variables/MAJOR?q=*&paging.startRow=1,Major reason for visit,"Taken from: National Hospital Ambulatory Medical Care Survey, 2003 - Outpatient Department Data."
50,EPISODE,https://www.icpsr.umich.edu/icpsrweb/ICPSR/ssvd/studies/04406/datasets/0002/variables/EPISODE?q=*&paging.startRow=1,Episode of care,"Taken from: National Hospital Ambulatory Medical Care Survey, 2003 - Outpatient Department Data."
51,SHARE,https://www.icpsr.umich.edu/icpsrweb/ICPSR/ssvd/studies/04406/datasets/0002/variables/SHARE?q=*&paging.startRow=51,Do other physicians share care for problem?,"Taken from: National Hospital Ambulatory Medical Care Survey, 2003 - Outpatient Department Data."
52,INJURY,https://www.icpsr.umich.edu/icpsrweb/ICPSR/ssvd/studies/04406/datasets/0002/variables/INJURY?q=*&paging.startRow=51,"Is visit related to injury, poisoning, or adv","Taken from: National Hospital Ambulatory Medical Care Survey, 2003 - Outpatient Department Data."
53,CAUSE1,https://www.icpsr.umich.edu/icpsrweb/ICPSR/ssvd/studies/04406/datasets/0002/variables/CAUSE1?q=*&paging.startRow=51,Cause of injury #1,"Taken from: National Hospital Ambulatory Medical Care Survey, 2003 - Outpatient Department Data."
54,CAUSE2,https://www.icpsr.umich.edu/icpsrweb/ICPSR/ssvd/studies/04406/datasets/0002/variables/CAUSE2?q=*&paging.startRow=51,Cause of injury #2,"Taken from: National Hospital Ambulatory Medical Care Survey, 2003 - Outpatient Department Data."
55,CAUSE3,https://www.icpsr.umich.edu/icpsrweb/ICPSR/ssvd/studies/04406/datasets/0002/variables/CAUSE3?q=*&paging.startRow=51,Cause of injury #3,"Taken from: National Hospital Ambulatory Medical Care Survey, 2003 - Outpatient Department Data."
56,CAUSE13D,https://www.icpsr.umich.edu/icpsrweb/ICPSR/ssvd/studies/04406/datasets/0002/variables/CAUSE13D?q=*&paging.startRow=51,Cause of injury #1 - broad,"Taken from: National Hospital Ambulatory Medical Care Survey, 2003 - Outpatient Department Data."
57,CAUSE23D,https://www.icpsr.umich.edu/icpsrweb/ICPSR/ssvd/studies/04406/datasets/0002/variables/CAUSE23D?q=*&paging.startRow=51,Cause of injury #2 - broad,"Taken from: National Hospital Ambulatory Medical Care Survey, 2003 - Outpatient Department Data."
58,CAUSE33D,https://www.icpsr.umich.edu/icpsrweb/ICPSR/ssvd/studies/04406/datasets/0002/variables/CAUSE33D?q=*&paging.startRow=51,Cause of injury #3 - broad,"Taken from: National Hospital Ambulatory Medical Care Survey, 2003 - Outpatient Department Data."
59,VCAUSE,https://www.icpsr.umich.edu/icpsrweb/ICPSR/ssvd/studies/04406/datasets/0002/variables/VCAUSE?q=*&paging.startRow=51,Cause of injury-verbatim text,"Taken from: National Hospital Ambulatory Medical Care Survey, 2003 - Outpatient Department Data."
60,DIAG1,https://www.icpsr.umich.edu/icpsrweb/ICPSR/ssvd/studies/04406/datasets/0002/variables/DIAG1?q=*&paging.startRow=51,Physician's diagnosis #1,"Taken from: National Hospital Ambulatory Medical Care Survey, 2003 - Outpatient Department Data."
61,DIAG2,https://www.icpsr.umich.edu/icpsrweb/ICPSR/ssvd/studies/04406/datasets/0002/variables/DIAG2?q=*&paging.startRow=51,Physician's diagnosis #2,"Taken from: National Hospital Ambulatory Medical Care Survey, 2003 - Outpatient Department Data."
62,DIAG3,https://www.icpsr.umich.edu/icpsrweb/ICPSR/ssvd/studies/04406/datasets/0002/variables/DIAG3?q=*&paging.startRow=51,Physician's diagnosis #3,"Taken from: National Hospital Ambulatory Medical Care Survey, 2003 - Outpatient Department Data."
63,DIAG13D,https://www.icpsr.umich.edu/icpsrweb/ICPSR/ssvd/studies/04406/datasets/0002/variables/DIAG13D?q=*&paging.startRow=51,Physician's diagnosis #1 - broad,"Taken from: National Hospital Ambulatory Medical Care Survey, 2003 - Outpatient Department Data."
64,DIAG23D,https://www.icpsr.umich.edu/icpsrweb/ICPSR/ssvd/studies/04406/datasets/0002/variables/DIAG23D?q=*&paging.startRow=51,Physician's diagnosis #2 - broad,"Taken from: National Hospital Ambulatory Medical Care Survey, 2003 - Outpatient Department Data."
65,DIAG33D,https://www.icpsr.umich.edu/icpsrweb/ICPSR/ssvd/studies/04406/datasets/0002/variables/DIAG33D?q=*&paging.startRow=51,Physician's diagnosis #3 - broad,"Taken from: National Hospital Ambulatory Medical Care Survey, 2003 - Outpatient Department Data."
66,PRDIAG1,https://www.icpsr.umich.edu/icpsrweb/ICPSR/ssvd/studies/04406/datasets/0002/variables/PRDIAG1?q=*&paging.startRow=51,"Is DIAG1 probable, questionable, or ruleout?","Taken from: National Hospital Ambulatory Medical Care Survey, 2003 - Outpatient Department Data."
67,PRDIAG2,https://www.icpsr.umich.edu/icpsrweb/ICPSR/ssvd/studies/04406/datasets/0002/variables/PRDIAG2?q=*&paging.startRow=51,"Is DIAG2 probable, questionable, or ruleout?","Taken from: National Hospital Ambulatory Medical Care Survey, 2003 - Outpatient Department Data."
68,PRDIAG3,https://www.icpsr.umich.edu/icpsrweb/ICPSR/ssvd/studies/04406/datasets/0002/variables/PRDIAG3?q=*&paging.startRow=51,"Is DIAG3 probable, questionable, or ruleout?","Taken from: National Hospital Ambulatory Medical Care Survey, 2003 - Outpatient Department Data."
69,DIAGSCRN,https://www.icpsr.umich.edu/icpsrweb/ICPSR/ssvd/studies/04406/datasets/0002/variables/DIAGSCRN?q=*&paging.startRow=51,Were diagnostic services ordered or provided?,"Taken from: National Hospital Ambulatory Medical Care Survey, 2003 - Outpatient Department Data."
70,GENMEDXM,https://www.icpsr.umich.edu/icpsrweb/ICPSR/ssvd/studies/04406/datasets/0002/variables/GENMEDXM?q=*&paging.startRow=51,General medical exam,"Taken from: National Hospital Ambulatory Medical Care Survey, 2003 - Outpatient Department Data."
71,OTHREXAM,https://www.icpsr.umich.edu/icpsrweb/ICPSR/ssvd/studies/04406/datasets/0002/variables/OTHREXAM?q=*&paging.startRow=51,Other exam,"Taken from: National Hospital Ambulatory Medical Care Survey, 2003 - Outpatient Department Data."
72,EXAMWI1,https://www.icpsr.umich.edu/icpsrweb/ICPSR/ssvd/studies/04406/datasets/0002/variables/EXAMWI1?q=*&paging.startRow=51,Exam write-in #1 - 4 digit,"Taken from: National Hospital Ambulatory Medical Care Survey, 2003 - Outpatient Department Data."
73,EXAMWI2,https://www.icpsr.umich.edu/icpsrweb/ICPSR/ssvd/studies/04406/datasets/0002/variables/EXAMWI2?q=*&paging.startRow=51,Exam write-in #2 - 4 digit,"Taken from: National Hospital Ambulatory Medical Care Survey, 2003 - Outpatient Department Data."
74,EXMWI13D,https://www.icpsr.umich.edu/icpsrweb/ICPSR/ssvd/studies/04406/datasets/0002/variables/EXMWI13D?q=*&paging.startRow=51,Exam write-in #1 - 3 digit,"Taken from: National Hospital Ambulatory Medical Care Survey, 2003 - Outpatient Department Data."
75,EXMWI23D,https://www.icpsr.umich.edu/icpsrweb/ICPSR/ssvd/studies/04406/datasets/0002/variables/EXMWI23D?q=*&paging.startRow=51,Exam write-in #2 - 3 digit,"Taken from: National Hospital Ambulatory Medical Care Survey, 2003 - Outpatient Department Data."
76,EXMWI12D,https://www.icpsr.umich.edu/icpsrweb/ICPSR/ssvd/studies/04406/datasets/0002/variables/EXMWI12D?q=*&paging.startRow=51,Exam write-in #1 - 2 digit,"Taken from: National Hospital Ambulatory Medical Care Survey, 2003 - Outpatient Department Data."
77,EXMWI22D,https://www.icpsr.umich.edu/icpsrweb/ICPSR/ssvd/studies/04406/datasets/0002/variables/EXMWI22D?q=*&paging.startRow=51,Exam write-in #2 - 2 digit,"Taken from: National Hospital Ambulatory Medical Care Survey, 2003 - Outpatient Department Data."
78,TEMPTAKE,https://www.icpsr.umich.edu/icpsrweb/ICPSR/ssvd/studies/04406/datasets/0002/variables/TEMPTAKE?q=*&paging.startRow=51,Temperature,"Taken from: National Hospital Ambulatory Medical Care Survey, 2003 - Outpatient Department Data."
79,TEMPF,https://www.icpsr.umich.edu/icpsrweb/ICPSR/ssvd/studies/04406/datasets/0002/variables/TEMPF?q=*&paging.startRow=51,Temperature reading (F),"Taken from: National Hospital Ambulatory Medical Care Survey, 2003 - Outpatient Department Data."
80,BLODPRES,https://www.icpsr.umich.edu/icpsrweb/ICPSR/ssvd/studies/04406/datasets/0002/variables/BLODPRES?q=*&paging.startRow=51,Blood pressure,"Taken from: National Hospital Ambulatory Medical Care Survey, 2003 - Outpatient Department Data."
81,BPSYS,https://www.icpsr.umich.edu/icpsrweb/ICPSR/ssvd/studies/04406/datasets/0002/variables/BPSYS?q=*&paging.startRow=51,Systolic blood pressure,"Taken from: National Hospital Ambulatory Medical Care Survey, 2003 - Outpatient Department Data."
82,BPDIAS,https://www.icpsr.umich.edu/icpsrweb/ICPSR/ssvd/studies/04406/datasets/0002/variables/BPDIAS?q=*&paging.startRow=51,Diastolic blood pressure,"Taken from: National Hospital Ambulatory Medical Care Survey, 2003 - Outpatient Department Data."
83,URINE,https://www.icpsr.umich.edu/icpsrweb/ICPSR/ssvd/studies/04406/datasets/0002/variables/URINE?q=*&paging.startRow=51,Urinalysis,"Taken from: National Hospital Ambulatory Medical Care Survey, 2003 - Outpatient Department Data."
84,URINECX,https://www.icpsr.umich.edu/icpsrweb/ICPSR/ssvd/studies/04406/datasets/0002/variables/URINECX?q=*&paging.startRow=51,Urine culture,"Taken from: National Hospital Ambulatory Medical Care Survey, 2003 - Outpatient Department Data."
85,PAP,https://www.icpsr.umich.edu/icpsrweb/ICPSR/ssvd/studies/04406/datasets/0002/variables/PAP?q=*&paging.startRow=51,Pap test,"Taken from: National Hospital Ambulatory Medical Care Survey, 2003 - Outpatient Department Data."
86,CERVCX,https://www.icpsr.umich.edu/icpsrweb/ICPSR/ssvd/studies/04406/datasets/0002/variables/CERVCX?q=*&paging.startRow=51,Cervical/Urethral culture,"Taken from: National Hospital Ambulatory Medical Care Survey, 2003 - Outpatient Department Data."
87,PSA,https://www.icpsr.umich.edu/icpsrweb/ICPSR/ssvd/studies/04406/datasets/0002/variables/PSA?q=*&paging.startRow=51,PSA test,"Taken from: National Hospital Ambulatory Medical Care Survey, 2003 - Outpatient Department Data."
88,HEMATOCR,https://www.icpsr.umich.edu/icpsrweb/ICPSR/ssvd/studies/04406/datasets/0002/variables/HEMATOCR?q=*&paging.startRow=51,Hematocrit/hemoglobin,"Taken from: National Hospital Ambulatory Medical Care Survey, 2003 - Outpatient Department Data."
89,CBC,https://www.icpsr.umich.edu/icpsrweb/ICPSR/ssvd/studies/04406/datasets/0002/variables/CBC?q=*&paging.startRow=51,CBC,"Taken from: National Hospital Ambulatory Medical Care Survey, 2003 - Outpatient Department Data."
90,CHOLEST,https://www.icpsr.umich.edu/icpsrweb/ICPSR/ssvd/studies/04406/datasets/0002/variables/CHOLEST?q=*&paging.startRow=51,Cholesterol test,"Taken from: National Hospital Ambulatory Medical Care Survey, 2003 - Outpatient Department Data."
91,GLUCOSE,https://www.icpsr.umich.edu/icpsrweb/ICPSR/ssvd/studies/04406/datasets/0002/variables/GLUCOSE?q=*&paging.startRow=51,Glucose,"Taken from: National Hospital Ambulatory Medical Care Survey, 2003 - Outpatient Department Data."
92,HGBA1C,https://www.icpsr.umich.edu/icpsrweb/ICPSR/ssvd/studies/04406/datasets/0002/variables/HGBA1C?q=*&paging.startRow=51,HgbA1C (glycohemoglobin),"Taken from: National Hospital Ambulatory Medical Care Survey, 2003 - Outpatient Department Data."
93,ELECTROL,https://www.icpsr.umich.edu/icpsrweb/ICPSR/ssvd/studies/04406/datasets/0002/variables/ELECTROL?q=*&paging.startRow=51,Electrolytes,"Taken from: National Hospital Ambulatory Medical Care Survey, 2003 - Outpatient Department Data."
94,OTHBLOOD,https://www.icpsr.umich.edu/icpsrweb/ICPSR/ssvd/studies/04406/datasets/0002/variables/OTHBLOOD?q=*&paging.startRow=51,Other blood test,"Taken from: National Hospital Ambulatory Medical Care Survey, 2003 - Outpatient Department Data."
95,PREGTEST,https://www.icpsr.umich.edu/icpsrweb/ICPSR/ssvd/studies/04406/datasets/0002/variables/PREGTEST?q=*&paging.startRow=51,Pregnancy test,"Taken from: National Hospital Ambulatory Medical Care Survey, 2003 - Outpatient Department Data."
96,EKG,https://www.icpsr.umich.edu/icpsrweb/ICPSR/ssvd/studies/04406/datasets/0002/variables/EKG?q=*&paging.startRow=51,EKG,"Taken from: National Hospital Ambulatory Medical Care Survey, 2003 - Outpatient Department Data."
97,THROATCX,https://www.icpsr.umich.edu/icpsrweb/ICPSR/ssvd/studies/04406/datasets/0002/variables/THROATCX?q=*&paging.startRow=51,Throat culture,"Taken from: National Hospital Ambulatory Medical Care Survey, 2003 - Outpatient Department Data."
98,STOOLCX,https://www.icpsr.umich.edu/icpsrweb/ICPSR/ssvd/studies/04406/datasets/0002/variables/STOOLCX?q=*&paging.startRow=51,Stool culture,"Taken from: National Hospital Ambulatory Medical Care Survey, 2003 - Outpatient Department Data."
99,XRAY,https://www.icpsr.umich.edu/icpsrweb/ICPSR/ssvd/studies/04406/datasets/0002/variables/XRAY?q=*&paging.startRow=51,X-ray,"Taken from: National Hospital Ambulatory Medical Care Survey, 2003 - Outpatient Department Data."
100,MAMMO,https://www.icpsr.umich.edu/icpsrweb/ICPSR/ssvd/studies/04406/datasets/0002/variables/MAMMO?q=*&paging.startRow=51,Mammogram,"Taken from: National Hospital Ambulatory Medical Care Survey, 2003 - Outpatient Department Data."
101,OTHIMAGE,https://www.icpsr.umich.edu/icpsrweb/ICPSR/ssvd/studies/04406/datasets/0002/variables/OTHIMAGE?q=*&paging.startRow=101,Other imaging,"Taken from: National Hospital Ambulatory Medical Care Survey, 2003 - Outpatient Department Data."
102,SCOPPROC,https://www.icpsr.umich.edu/icpsrweb/ICPSR/ssvd/studies/04406/datasets/0002/variables/SCOPPROC?q=*&paging.startRow=101,Scope procedure,"Taken from: National Hospital Ambulatory Medical Care Survey, 2003 - Outpatient Department Data."
103,SCOPEWI1,https://www.icpsr.umich.edu/icpsrweb/ICPSR/ssvd/studies/04406/datasets/0002/variables/SCOPEWI1?q=*&paging.startRow=101,Scope procedure write-in #1 - 4 digit,"Taken from: National Hospital Ambulatory Medical Care Survey, 2003 - Outpatient Department Data."
104,SCOPEWI2,https://www.icpsr.umich.edu/icpsrweb/ICPSR/ssvd/studies/04406/datasets/0002/variables/SCOPEWI2?q=*&paging.startRow=101,Scope procedure write-in #2 - 4 digit,"Taken from: National Hospital Ambulatory Medical Care Survey, 2003 - Outpatient Department Data."
105,SCPWI13D,https://www.icpsr.umich.edu/icpsrweb/ICPSR/ssvd/studies/04406/datasets/0002/variables/SCPWI13D?q=*&paging.startRow=101,Scope procedure write-in #1 - 3 digit,"Taken from: National Hospital Ambulatory Medical Care Survey, 2003 - Outpatient Department Data."
106,SCPWI23D,https://www.icpsr.umich.edu/icpsrweb/ICPSR/ssvd/studies/04406/datasets/0002/variables/SCPWI23D?q=*&paging.startRow=101,Scope procedure write-in #2 - 3 digit,"Taken from: National Hospital Ambulatory Medical Care Survey, 2003 - Outpatient Department Data."
107,SCPWI12D,https://www.icpsr.umich.edu/icpsrweb/ICPSR/ssvd/studies/04406/datasets/0002/variables/SCPWI12D?q=*&paging.startRow=101,Scope procedure write-in #1 - 2 digit,"Taken from: National Hospital Ambulatory Medical Care Survey, 2003 - Outpatient Department Data."
108,SCPWI22D,https://www.icpsr.umich.edu/icpsrweb/ICPSR/ssvd/studies/04406/datasets/0002/variables/SCPWI22D?q=*&paging.startRow=101,Scope procedure write-in #2 - 2 digit,"Taken from: National Hospital Ambulatory Medical Care Survey, 2003 - Outpatient Department Data."
109,OTHDIAG,https://www.icpsr.umich.edu/icpsrweb/ICPSR/ssvd/studies/04406/datasets/0002/variables/OTHDIAG?q=*&paging.startRow=101,Other diagnostic service,"Taken from: National Hospital Ambulatory Medical Care Survey, 2003 - Outpatient Department Data."
110,DIAGSC1,https://www.icpsr.umich.edu/icpsrweb/ICPSR/ssvd/studies/04406/datasets/0002/variables/DIAGSC1?q=*&paging.startRow=101,Diag/Screen service write-in #1 - 4 digit,"Taken from: National Hospital Ambulatory Medical Care Survey, 2003 - Outpatient Department Data."
111,DIAGSC2,https://www.icpsr.umich.edu/icpsrweb/ICPSR/ssvd/studies/04406/datasets/0002/variables/DIAGSC2?q=*&paging.startRow=101,Diag/Screen service write-in #2 - 4 digit,"Taken from: National Hospital Ambulatory Medical Care Survey, 2003 - Outpatient Department Data."
112,DIGSC13D,https://www.icpsr.umich.edu/icpsrweb/ICPSR/ssvd/studies/04406/datasets/0002/variables/DIGSC13D?q=*&paging.startRow=101,Diag/Screen service write-in #1 - 3 digit,"Taken from: National Hospital Ambulatory Medical Care Survey, 2003 - Outpatient Department Data."
113,DIGSC23D,https://www.icpsr.umich.edu/icpsrweb/ICPSR/ssvd/studies/04406/datasets/0002/variables/DIGSC23D?q=*&paging.startRow=101,Diag/Screen service write-in #2 - 3 digit,"Taken from: National Hospital Ambulatory Medical Care Survey, 2003 - Outpatient Department Data."
114,DIGSC12D,https://www.icpsr.umich.edu/icpsrweb/ICPSR/ssvd/studies/04406/datasets/0002/variables/DIGSC12D?q=*&paging.startRow=101,Diag/Screen service write-in #1 - 2 digit,"Taken from: National Hospital Ambulatory Medical Care Survey, 2003 - Outpatient Department Data."
115,DIGSC22D,https://www.icpsr.umich.edu/icpsrweb/ICPSR/ssvd/studies/04406/datasets/0002/variables/DIGSC22D?q=*&paging.startRow=101,Diag/Screen service write-in #2 - 2 digit,"Taken from: National Hospital Ambulatory Medical Care Survey, 2003 - Outpatient Department Data."
116,THERPREV,https://www.icpsr.umich.edu/icpsrweb/ICPSR/ssvd/studies/04406/datasets/0002/variables/THERPREV?q=*&paging.startRow=101,Was couns/educ/therapy ordered or provided?,"Taken from: National Hospital Ambulatory Medical Care Survey, 2003 - Outpatient Department Data."
117,ASTHMAED,https://www.icpsr.umich.edu/icpsrweb/ICPSR/ssvd/studies/04406/datasets/0002/variables/ASTHMAED?q=*&paging.startRow=101,Asthma education,"Taken from: National Hospital Ambulatory Medical Care Survey, 2003 - Outpatient Department Data."
118,DIETNUTR,https://www.icpsr.umich.edu/icpsrweb/ICPSR/ssvd/studies/04406/datasets/0002/variables/DIETNUTR?q=*&paging.startRow=101,Diet/nutrition,"Taken from: National Hospital Ambulatory Medical Care Survey, 2003 - Outpatient Department Data."
119,EXERCISE,https://www.icpsr.umich.edu/icpsrweb/ICPSR/ssvd/studies/04406/datasets/0002/variables/EXERCISE?q=*&paging.startRow=101,Exercise,"Taken from: National Hospital Ambulatory Medical Care Survey, 2003 - Outpatient Department Data."
120,GRWTHDEV,https://www.icpsr.umich.edu/icpsrweb/ICPSR/ssvd/studies/04406/datasets/0002/variables/GRWTHDEV?q=*&paging.startRow=101,Growth/development,"Taken from: National Hospital Ambulatory Medical Care Survey, 2003 - Outpatient Department Data."
121,MENTLHLT,https://www.icpsr.umich.edu/icpsrweb/ICPSR/ssvd/studies/04406/datasets/0002/variables/MENTLHLT?q=*&paging.startRow=101,Mental health/Stress management,"Taken from: National Hospital Ambulatory Medical Care Survey, 2003 - Outpatient Department Data."
122,PHYSIOTH,https://www.icpsr.umich.edu/icpsrweb/ICPSR/ssvd/studies/04406/datasets/0002/variables/PHYSIOTH?q=*&paging.startRow=101,Physiotherapy,"Taken from: National Hospital Ambulatory Medical Care Survey, 2003 - Outpatient Department Data."
123,PSYCHOTH,https://www.icpsr.umich.edu/icpsrweb/ICPSR/ssvd/studies/04406/datasets/0002/variables/PSYCHOTH?q=*&paging.startRow=101,Psychotherapy,"Taken from: National Hospital Ambulatory Medical Care Survey, 2003 - Outpatient Department Data."
124,TOBACCO,https://www.icpsr.umich.edu/icpsrweb/ICPSR/ssvd/studies/04406/datasets/0002/variables/TOBACCO?q=*&paging.startRow=101,Tobacco use/exposure,"Taken from: National Hospital Ambulatory Medical Care Survey, 2003 - Outpatient Department Data."
125,WTREDUC,https://www.icpsr.umich.edu/icpsrweb/ICPSR/ssvd/studies/04406/datasets/0002/variables/WTREDUC?q=*&paging.startRow=101,Weight reduction,"Taken from: National Hospital Ambulatory Medical Care Survey, 2003 - Outpatient Department Data."
126,OTHCET,https://www.icpsr.umich.edu/icpsrweb/ICPSR/ssvd/studies/04406/datasets/0002/variables/OTHCET?q=*&paging.startRow=101,Other counseling/education/therapy,"Taken from: National Hospital Ambulatory Medical Care Survey, 2003 - Outpatient Department Data."
127,AMB,https://www.icpsr.umich.edu/icpsrweb/ICPSR/ssvd/studies/04406/datasets/0002/variables/AMB?q=*&paging.startRow=101,Were surgical procedures ord/sched or perf?,"Taken from: National Hospital Ambulatory Medical Care Survey, 2003 - Outpatient Department Data."
128,AMB1,https://www.icpsr.umich.edu/icpsrweb/ICPSR/ssvd/studies/04406/datasets/0002/variables/AMB1?q=*&paging.startRow=101,Surgical procedure #1 - 4 digit,"Taken from: National Hospital Ambulatory Medical Care Survey, 2003 - Outpatient Department Data."
129,AMB13D,https://www.icpsr.umich.edu/icpsrweb/ICPSR/ssvd/studies/04406/datasets/0002/variables/AMB13D?q=*&paging.startRow=101,Surgical procedure #1 - 3 digit,"Taken from: National Hospital Ambulatory Medical Care Survey, 2003 - Outpatient Department Data."
130,AMB12D,https://www.icpsr.umich.edu/icpsrweb/ICPSR/ssvd/studies/04406/datasets/0002/variables/AMB12D?q=*&paging.startRow=101,Surgical procedure #1 - 2 digit,"Taken from: National Hospital Ambulatory Medical Care Survey, 2003 - Outpatient Department Data."
131,ORDPERF1,https://www.icpsr.umich.edu/icpsrweb/ICPSR/ssvd/studies/04406/datasets/0002/variables/ORDPERF1?q=*&paging.startRow=101,Surg procedure #1 - ord/sched or perf?,"Taken from: National Hospital Ambulatory Medical Care Survey, 2003 - Outpatient Department Data."
132,AMB2,https://www.icpsr.umich.edu/icpsrweb/ICPSR/ssvd/studies/04406/datasets/0002/variables/AMB2?q=*&paging.startRow=101,Surgical procedure #2 - 4 digit,"Taken from: National Hospital Ambulatory Medical Care Survey, 2003 - Outpatient Department Data."
133,AMB23D,https://www.icpsr.umich.edu/icpsrweb/ICPSR/ssvd/studies/04406/datasets/0002/variables/AMB23D?q=*&paging.startRow=101,Surgical procedure #2 - 3 digit,"Taken from: National Hospital Ambulatory Medical Care Survey, 2003 - Outpatient Department Data."
134,AMB22D,https://www.icpsr.umich.edu/icpsrweb/ICPSR/ssvd/studies/04406/datasets/0002/variables/AMB22D?q=*&paging.startRow=101,Surgical procedure #2 - 2 digit,"Taken from: National Hospital Ambulatory Medical Care Survey, 2003 - Outpatient Department Data."
135,ORDPERF2,https://www.icpsr.umich.edu/icpsrweb/ICPSR/ssvd/studies/04406/datasets/0002/variables/ORDPERF2?q=*&paging.startRow=101,Surg procedure #2 - ord/sched or perf?,"Taken from: National Hospital Ambulatory Medical Care Survey, 2003 - Outpatient Department Data."
136,MED,https://www.icpsr.umich.edu/icpsrweb/ICPSR/ssvd/studies/04406/datasets/0002/variables/MED?q=*&paging.startRow=101,Were medications/injections ordered/provided?,"Taken from: National Hospital Ambulatory Medical Care Survey, 2003 - Outpatient Department Data."
137,MED1,https://www.icpsr.umich.edu/icpsrweb/ICPSR/ssvd/studies/04406/datasets/0002/variables/MED1?q=*&paging.startRow=101,Med #1,"Taken from: National Hospital Ambulatory Medical Care Survey, 2003 - Outpatient Department Data."
138,MED2,https://www.icpsr.umich.edu/icpsrweb/ICPSR/ssvd/studies/04406/datasets/0002/variables/MED2?q=*&paging.startRow=101,Med #2,"Taken from: National Hospital Ambulatory Medical Care Survey, 2003 - Outpatient Department Data."
139,MED3,https://www.icpsr.umich.edu/icpsrweb/ICPSR/ssvd/studies/04406/datasets/0002/variables/MED3?q=*&paging.startRow=101,Med #3,"Taken from: National Hospital Ambulatory Medical Care Survey, 2003 - Outpatient Department Data."
140,MED4,https://www.icpsr.umich.edu/icpsrweb/ICPSR/ssvd/studies/04406/datasets/0002/variables/MED4?q=*&paging.startRow=101,Med #4,"Taken from: National Hospital Ambulatory Medical Care Survey, 2003 - Outpatient Department Data."
141,MED5,https://www.icpsr.umich.edu/icpsrweb/ICPSR/ssvd/studies/04406/datasets/0002/variables/MED5?q=*&paging.startRow=101,Med #5,"Taken from: National Hospital Ambulatory Medical Care Survey, 2003 - Outpatient Department Data."
142,MED6,https://www.icpsr.umich.edu/icpsrweb/ICPSR/ssvd/studies/04406/datasets/0002/variables/MED6?q=*&paging.startRow=101,Med #6,"Taken from: National Hospital Ambulatory Medical Care Survey, 2003 - Outpatient Department Data."
143,MED7,https://www.icpsr.umich.edu/icpsrweb/ICPSR/ssvd/studies/04406/datasets/0002/variables/MED7?q=*&paging.startRow=101,Med #7,"Taken from: National Hospital Ambulatory Medical Care Survey, 2003 - Outpatient Department Data."
144,MED8,https://www.icpsr.umich.edu/icpsrweb/ICPSR/ssvd/studies/04406/datasets/0002/variables/MED8?q=*&paging.startRow=101,Med #8,"Taken from: National Hospital Ambulatory Medical Care Survey, 2003 - Outpatient Department Data."
145,NUMMED,https://www.icpsr.umich.edu/icpsrweb/ICPSR/ssvd/studies/04406/datasets/0002/variables/NUMMED?q=*&paging.startRow=101,Number of medications,"Taken from: National Hospital Ambulatory Medical Care Survey, 2003 - Outpatient Department Data."
146,NODISP,https://www.icpsr.umich.edu/icpsrweb/ICPSR/ssvd/studies/04406/datasets/0002/variables/NODISP?q=*&paging.startRow=101,No answer to disposition item,"Taken from: National Hospital Ambulatory Medical Care Survey, 2003 - Outpatient Department Data."
147,NOFU,https://www.icpsr.umich.edu/icpsrweb/ICPSR/ssvd/studies/04406/datasets/0002/variables/NOFU?q=*&paging.startRow=101,No follow up planned,"Taken from: National Hospital Ambulatory Medical Care Survey, 2003 - Outpatient Department Data."
148,RETPRN,https://www.icpsr.umich.edu/icpsrweb/ICPSR/ssvd/studies/04406/datasets/0002/variables/RETPRN?q=*&paging.startRow=101,Return as needed,"Taken from: National Hospital Ambulatory Medical Care Survey, 2003 - Outpatient Department Data."
149,REFOTHMD,https://www.icpsr.umich.edu/icpsrweb/ICPSR/ssvd/studies/04406/datasets/0002/variables/REFOTHMD?q=*&paging.startRow=101,Refer to other MD,"Taken from: National Hospital Ambulatory Medical Care Survey, 2003 - Outpatient Department Data."
150,RETAPPT,https://www.icpsr.umich.edu/icpsrweb/ICPSR/ssvd/studies/04406/datasets/0002/variables/RETAPPT?q=*&paging.startRow=101,"Return, appt.","Taken from: National Hospital Ambulatory Medical Care Survey, 2003 - Outpatient Department Data."
151,TELEPHON,https://www.icpsr.umich.edu/icpsrweb/ICPSR/ssvd/studies/04406/datasets/0002/variables/TELEPHON?q=*&paging.startRow=151,Telephone followup,"Taken from: National Hospital Ambulatory Medical Care Survey, 2003 - Outpatient Department Data."
152,ADMITHOS,https://www.icpsr.umich.edu/icpsrweb/ICPSR/ssvd/studies/04406/datasets/0002/variables/ADMITHOS?q=*&paging.startRow=151,Admit to hospital,"Taken from: National Hospital Ambulatory Medical Care Survey, 2003 - Outpatient Department Data."
153,OTHDISP,https://www.icpsr.umich.edu/icpsrweb/ICPSR/ssvd/studies/04406/datasets/0002/variables/OTHDISP?q=*&paging.startRow=151,Other disposition,"Taken from: National Hospital Ambulatory Medical Care Survey, 2003 - Outpatient Department Data."
154,NOPROVID,https://www.icpsr.umich.edu/icpsrweb/ICPSR/ssvd/studies/04406/datasets/0002/variables/NOPROVID?q=*&paging.startRow=151,No answer to provider item,"Taken from: National Hospital Ambulatory Medical Care Survey, 2003 - Outpatient Department Data."
155,STAFFMD,https://www.icpsr.umich.edu/icpsrweb/ICPSR/ssvd/studies/04406/datasets/0002/variables/STAFFMD?q=*&paging.startRow=151,Staff MD seen,"Taken from: National Hospital Ambulatory Medical Care Survey, 2003 - Outpatient Department Data."
156,RESINT,https://www.icpsr.umich.edu/icpsrweb/ICPSR/ssvd/studies/04406/datasets/0002/variables/RESINT?q=*&paging.startRow=151,Resident/intern seen,"Taken from: National Hospital Ambulatory Medical Care Survey, 2003 - Outpatient Department Data."
157,OTHERMD,https://www.icpsr.umich.edu/icpsrweb/ICPSR/ssvd/studies/04406/datasets/0002/variables/OTHERMD?q=*&paging.startRow=151,Other MD seen,"Taken from: National Hospital Ambulatory Medical Care Survey, 2003 - Outpatient Department Data."
158,RN,https://www.icpsr.umich.edu/icpsrweb/ICPSR/ssvd/studies/04406/datasets/0002/variables/RN?q=*&paging.startRow=151,RN seen,"Taken from: National Hospital Ambulatory Medical Care Survey, 2003 - Outpatient Department Data."
159,LPN,https://www.icpsr.umich.edu/icpsrweb/ICPSR/ssvd/studies/04406/datasets/0002/variables/LPN?q=*&paging.startRow=151,LPN seen,"Taken from: National Hospital Ambulatory Medical Care Survey, 2003 - Outpatient Department Data."
160,MEDNURSE,https://www.icpsr.umich.edu/icpsrweb/ICPSR/ssvd/studies/04406/datasets/0002/variables/MEDNURSE?q=*&paging.startRow=151,Med/nursing asst seen,"Taken from: National Hospital Ambulatory Medical Care Survey, 2003 - Outpatient Department Data."
161,NPNMW,https://www.icpsr.umich.edu/icpsrweb/ICPSR/ssvd/studies/04406/datasets/0002/variables/NPNMW?q=*&paging.startRow=151,Nurse pract/Midwife seen,"Taken from: National Hospital Ambulatory Medical Care Survey, 2003 - Outpatient Department Data."
162,PHYSASST,https://www.icpsr.umich.edu/icpsrweb/ICPSR/ssvd/studies/04406/datasets/0002/variables/PHYSASST?q=*&paging.startRow=151,Physician assistant seen,"Taken from: National Hospital Ambulatory Medical Care Survey, 2003 - Outpatient Department Data."
163,MEDTECH,https://www.icpsr.umich.edu/icpsrweb/ICPSR/ssvd/studies/04406/datasets/0002/variables/MEDTECH?q=*&paging.startRow=151,Med tech seen,"Taken from: National Hospital Ambulatory Medical Care Survey, 2003 - Outpatient Department Data."
164,OTHPROV,https://www.icpsr.umich.edu/icpsrweb/ICPSR/ssvd/studies/04406/datasets/0002/variables/OTHPROV?q=*&paging.startRow=151,Other provider seen,"Taken from: National Hospital Ambulatory Medical Care Survey, 2003 - Outpatient Department Data."
165,PATWT,https://www.icpsr.umich.edu/icpsrweb/ICPSR/ssvd/studies/04406/datasets/0002/variables/PATWT?q=*&paging.startRow=151,Patient visit weight,"Taken from: National Hospital Ambulatory Medical Care Survey, 2003 - Outpatient Department Data."
166,REGION,https://www.icpsr.umich.edu/icpsrweb/ICPSR/ssvd/studies/04406/datasets/0002/variables/REGION?q=*&paging.startRow=151,Geographic region,"Taken from: National Hospital Ambulatory Medical Care Survey, 2003 - Outpatient Department Data."
167,MSA,https://www.icpsr.umich.edu/icpsrweb/ICPSR/ssvd/studies/04406/datasets/0002/variables/MSA?q=*&paging.startRow=151,Visit occurred in MSA or non-MSA location,"Taken from: National Hospital Ambulatory Medical Care Survey, 2003 - Outpatient Department Data."
168,OWNER,https://www.icpsr.umich.edu/icpsrweb/ICPSR/ssvd/studies/04406/datasets/0002/variables/OWNER?q=*&paging.startRow=151,Hospital ownership,"Taken from: National Hospital Ambulatory Medical Care Survey, 2003 - Outpatient Department Data."
169,HOSPCODE,https://www.icpsr.umich.edu/icpsrweb/ICPSR/ssvd/studies/04406/datasets/0002/variables/HOSPCODE?q=*&paging.startRow=151,Hospital code,"Taken from: National Hospital Ambulatory Medical Care Survey, 2003 - Outpatient Department Data."
170,CLINTYPE,https://www.icpsr.umich.edu/icpsrweb/ICPSR/ssvd/studies/04406/datasets/0002/variables/CLINTYPE?q=*&paging.startRow=151,Type of clinic,"Taken from: National Hospital Ambulatory Medical Care Survey, 2003 - Outpatient Department Data."
171,PATCODE,https://www.icpsr.umich.edu/icpsrweb/ICPSR/ssvd/studies/04406/datasets/0002/variables/PATCODE?q=*&paging.startRow=151,Patient code,"Taken from: National Hospital Ambulatory Medical Care Survey, 2003 - Outpatient Department Data."
172,BDATEFL,https://www.icpsr.umich.edu/icpsrweb/ICPSR/ssvd/studies/04406/datasets/0002/variables/BDATEFL?q=*&paging.startRow=151,Was patient birth date imputed?,"Taken from: National Hospital Ambulatory Medical Care Survey, 2003 - Outpatient Department Data."
173,SEXFL,https://www.icpsr.umich.edu/icpsrweb/ICPSR/ssvd/studies/04406/datasets/0002/variables/SEXFL?q=*&paging.startRow=151,Was patient sex imputed?,"Taken from: National Hospital Ambulatory Medical Care Survey, 2003 - Outpatient Department Data."
174,ETHNICFL,https://www.icpsr.umich.edu/icpsrweb/ICPSR/ssvd/studies/04406/datasets/0002/variables/ETHNICFL?q=*&paging.startRow=151,Was patient ethnicity imputed?,"Taken from: National Hospital Ambulatory Medical Care Survey, 2003 - Outpatient Department Data."
175,RACEFL,https://www.icpsr.umich.edu/icpsrweb/ICPSR/ssvd/studies/04406/datasets/0002/variables/RACEFL?q=*&paging.startRow=151,Was patient race imputed?,"Taken from: National Hospital Ambulatory Medical Care Survey, 2003 - Outpatient Department Data."
176,SENBEFL,https://www.icpsr.umich.edu/icpsrweb/ICPSR/ssvd/studies/04406/datasets/0002/variables/SENBEFL?q=*&paging.startRow=151,Was seen before imputed?,"Taken from: National Hospital Ambulatory Medical Care Survey, 2003 - Outpatient Department Data."
177,PASTFL,https://www.icpsr.umich.edu/icpsrweb/ICPSR/ssvd/studies/04406/datasets/0002/variables/PASTFL?q=*&paging.startRow=151,Was past visit imputed?,"Taken from: National Hospital Ambulatory Medical Care Survey, 2003 - Outpatient Department Data."
178,GEN1,https://www.icpsr.umich.edu/icpsrweb/ICPSR/ssvd/studies/04406/datasets/0002/variables/GEN1?q=*&paging.startRow=151,Generic name code for medication #1,"Taken from: National Hospital Ambulatory Medical Care Survey, 2003 - Outpatient Department Data."
179,PRESCR1,https://www.icpsr.umich.edu/icpsrweb/ICPSR/ssvd/studies/04406/datasets/0002/variables/PRESCR1?q=*&paging.startRow=151,Prescription status code for medication #1,"Taken from: National Hospital Ambulatory Medical Care Survey, 2003 - Outpatient Department Data."
180,CONTSUB1,https://www.icpsr.umich.edu/icpsrweb/ICPSR/ssvd/studies/04406/datasets/0002/variables/CONTSUB1?q=*&paging.startRow=151,Controlled substance code for medication #1,"Taken from: National Hospital Ambulatory Medical Care Survey, 2003 - Outpatient Department Data."
181,COMSTAT1,https://www.icpsr.umich.edu/icpsrweb/ICPSR/ssvd/studies/04406/datasets/0002/variables/COMSTAT1?q=*&paging.startRow=151,Composition status code for medication #1,"Taken from: National Hospital Ambulatory Medical Care Survey, 2003 - Outpatient Department Data."
182,DRUG1CL1,https://www.icpsr.umich.edu/icpsrweb/ICPSR/ssvd/studies/04406/datasets/0002/variables/DRUG1CL1?q=*&paging.startRow=151,Drug class #1 for medication #1,"Taken from: National Hospital Ambulatory Medical Care Survey, 2003 - Outpatient Department Data."
183,DRUG1CL2,https://www.icpsr.umich.edu/icpsrweb/ICPSR/ssvd/studies/04406/datasets/0002/variables/DRUG1CL2?q=*&paging.startRow=151,Drug class #2 for medication #1,"Taken from: National Hospital Ambulatory Medical Care Survey, 2003 - Outpatient Department Data."
184,DRUG1CL3,https://www.icpsr.umich.edu/icpsrweb/ICPSR/ssvd/studies/04406/datasets/0002/variables/DRUG1CL3?q=*&paging.startRow=151,Drug class #3 for medication #1,"Taken from: National Hospital Ambulatory Medical Care Survey, 2003 - Outpatient Department Data."
185,DRG1ING1,https://www.icpsr.umich.edu/icpsrweb/ICPSR/ssvd/studies/04406/datasets/0002/variables/DRG1ING1?q=*&paging.startRow=151,Ingredient code #1 for medication #1,"Taken from: National Hospital Ambulatory Medical Care Survey, 2003 - Outpatient Department Data."
186,DRG1ING2,https://www.icpsr.umich.edu/icpsrweb/ICPSR/ssvd/studies/04406/datasets/0002/variables/DRG1ING2?q=*&paging.startRow=151,Ingredient code #2 for medication #1,"Taken from: National Hospital Ambulatory Medical Care Survey, 2003 - Outpatient Department Data."
187,DRG1ING3,https://www.icpsr.umich.edu/icpsrweb/ICPSR/ssvd/studies/04406/datasets/0002/variables/DRG1ING3?q=*&paging.startRow=151,Ingredient code #3 for medication #1,"Taken from: National Hospital Ambulatory Medical Care Survey, 2003 - Outpatient Department Data."
188,DRG1ING4,https://www.icpsr.umich.edu/icpsrweb/ICPSR/ssvd/studies/04406/datasets/0002/variables/DRG1ING4?q=*&paging.startRow=151,Ingredient code #4 for medication #1,"Taken from: National Hospital Ambulatory Medical Care Survey, 2003 - Outpatient Department Data."
189,DRG1ING5,https://www.icpsr.umich.edu/icpsrweb/ICPSR/ssvd/studies/04406/datasets/0002/variables/DRG1ING5?q=*&paging.startRow=151,Ingredient code #5 for medication #1,"Taken from: National Hospital Ambulatory Medical Care Survey, 2003 - Outpatient Department Data."
190,GEN2,https://www.icpsr.umich.edu/icpsrweb/ICPSR/ssvd/studies/04406/datasets/0002/variables/GEN2?q=*&paging.startRow=151,Generic name code for medication #2,"Taken from: National Hospital Ambulatory Medical Care Survey, 2003 - Outpatient Department Data."
191,PRESCR2,https://www.icpsr.umich.edu/icpsrweb/ICPSR/ssvd/studies/04406/datasets/0002/variables/PRESCR2?q=*&paging.startRow=151,Prescription status code for medication #2,"Taken from: National Hospital Ambulatory Medical Care Survey, 2003 - Outpatient Department Data."
192,CONTSUB2,https://www.icpsr.umich.edu/icpsrweb/ICPSR/ssvd/studies/04406/datasets/0002/variables/CONTSUB2?q=*&paging.startRow=151,Controlled substance code for medication #2,"Taken from: National Hospital Ambulatory Medical Care Survey, 2003 - Outpatient Department Data."
193,COMSTAT2,https://www.icpsr.umich.edu/icpsrweb/ICPSR/ssvd/studies/04406/datasets/0002/variables/COMSTAT2?q=*&paging.startRow=151,Composition status code for medication #2,"Taken from: National Hospital Ambulatory Medical Care Survey, 2003 - Outpatient Department Data."
194,DRUG2CL1,https://www.icpsr.umich.edu/icpsrweb/ICPSR/ssvd/studies/04406/datasets/0002/variables/DRUG2CL1?q=*&paging.startRow=151,Drug class #1 for medication #2,"Taken from: National Hospital Ambulatory Medical Care Survey, 2003 - Outpatient Department Data."
195,DRUG2CL2,https://www.icpsr.umich.edu/icpsrweb/ICPSR/ssvd/studies/04406/datasets/0002/variables/DRUG2CL2?q=*&paging.startRow=151,Drug class #2 for medication #2,"Taken from: National Hospital Ambulatory Medical Care Survey, 2003 - Outpatient Department Data."
196,DRUG2CL3,https://www.icpsr.umich.edu/icpsrweb/ICPSR/ssvd/studies/04406/datasets/0002/variables/DRUG2CL3?q=*&paging.startRow=151,Drug class #3 for medication #2,"Taken from: National Hospital Ambulatory Medical Care Survey, 2003 - Outpatient Department Data."
197,DRG2ING1,https://www.icpsr.umich.edu/icpsrweb/ICPSR/ssvd/studies/04406/datasets/0002/variables/DRG2ING1?q=*&paging.startRow=151,Ingredient code #1 for medication #2,"Taken from: National Hospital Ambulatory Medical Care Survey, 2003 - Outpatient Department Data."
198,DRG2ING2,https://www.icpsr.umich.edu/icpsrweb/ICPSR/ssvd/studies/04406/datasets/0002/variables/DRG2ING2?q=*&paging.startRow=151,Ingredient code #2 for medication #2,"Taken from: National Hospital Ambulatory Medical Care Survey, 2003 - Outpatient Department Data."
199,DRG2ING3,https://www.icpsr.umich.edu/icpsrweb/ICPSR/ssvd/studies/04406/datasets/0002/variables/DRG2ING3?q=*&paging.startRow=151,Ingredient code #3 for medication #2,"Taken from: National Hospital Ambulatory Medical Care Survey, 2003 - Outpatient Department Data."
200,DRG2ING4,https://www.icpsr.umich.edu/icpsrweb/ICPSR/ssvd/studies/04406/datasets/0002/variables/DRG2ING4?q=*&paging.startRow=151,Ingredient code #4 for medication #2,"Taken from: National Hospital Ambulatory Medical Care Survey, 2003 - Outpatient Department Data."
201,DRG2ING5,https://www.icpsr.umich.edu/icpsrweb/ICPSR/ssvd/studies/04406/datasets/0002/variables/DRG2ING5?q=*&paging.startRow=201,Ingredient code #5 for medication #2,"Taken from: National Hospital Ambulatory Medical Care Survey, 2003 - Outpatient Department Data."
202,GEN3,https://www.icpsr.umich.edu/icpsrweb/ICPSR/ssvd/studies/04406/datasets/0002/variables/GEN3?q=*&paging.startRow=201,Generic name code for medication #3,"Taken from: National Hospital Ambulatory Medical Care Survey, 2003 - Outpatient Department Data."
203,PRESCR3,https://www.icpsr.umich.edu/icpsrweb/ICPSR/ssvd/studies/04406/datasets/0002/variables/PRESCR3?q=*&paging.startRow=201,Prescription status code for medication #3,"Taken from: National Hospital Ambulatory Medical Care Survey, 2003 - Outpatient Department Data."
204,CONTSUB3,https://www.icpsr.umich.edu/icpsrweb/ICPSR/ssvd/studies/04406/datasets/0002/variables/CONTSUB3?q=*&paging.startRow=201,Controlled substance code for medication #3,"Taken from: National Hospital Ambulatory Medical Care Survey, 2003 - Outpatient Department Data."
205,COMSTAT3,https://www.icpsr.umich.edu/icpsrweb/ICPSR/ssvd/studies/04406/datasets/0002/variables/COMSTAT3?q=*&paging.startRow=201,Composition status code for medication #3,"Taken from: National Hospital Ambulatory Medical Care Survey, 2003 - Outpatient Department Data."
206,DRUG3CL1,https://www.icpsr.umich.edu/icpsrweb/ICPSR/ssvd/studies/04406/datasets/0002/variables/DRUG3CL1?q=*&paging.startRow=201,Drug class #1 for medication #3,"Taken from: National Hospital Ambulatory Medical Care Survey, 2003 - Outpatient Department Data."
207,DRUG3CL2,https://www.icpsr.umich.edu/icpsrweb/ICPSR/ssvd/studies/04406/datasets/0002/variables/DRUG3CL2?q=*&paging.startRow=201,Drug class #2 for medication #3,"Taken from: National Hospital Ambulatory Medical Care Survey, 2003 - Outpatient Department Data."
208,DRUG3CL3,https://www.icpsr.umich.edu/icpsrweb/ICPSR/ssvd/studies/04406/datasets/0002/variables/DRUG3CL3?q=*&paging.startRow=201,Drug class #3 for medication #3,"Taken from: National Hospital Ambulatory Medical Care Survey, 2003 - Outpatient Department Data."
209,DRG3ING1,https://www.icpsr.umich.edu/icpsrweb/ICPSR/ssvd/studies/04406/datasets/0002/variables/DRG3ING1?q=*&paging.startRow=201,Ingredient code #1 for medication #3,"Taken from: National Hospital Ambulatory Medical Care Survey, 2003 - Outpatient Department Data."
210,DRG3ING2,https://www.icpsr.umich.edu/icpsrweb/ICPSR/ssvd/studies/04406/datasets/0002/variables/DRG3ING2?q=*&paging.startRow=201,Ingredient code #2 for medication #3,"Taken from: National Hospital Ambulatory Medical Care Survey, 2003 - Outpatient Department Data."
211,DRG3ING3,https://www.icpsr.umich.edu/icpsrweb/ICPSR/ssvd/studies/04406/datasets/0002/variables/DRG3ING3?q=*&paging.startRow=201,Ingredient code #3 for medication #3,"Taken from: National Hospital Ambulatory Medical Care Survey, 2003 - Outpatient Department Data."
212,DRG3ING4,https://www.icpsr.umich.edu/icpsrweb/ICPSR/ssvd/studies/04406/datasets/0002/variables/DRG3ING4?q=*&paging.startRow=201,Ingredient code #4 for medication #3,"Taken from: National Hospital Ambulatory Medical Care Survey, 2003 - Outpatient Department Data."
213,DRG3ING5,https://www.icpsr.umich.edu/icpsrweb/ICPSR/ssvd/studies/04406/datasets/0002/variables/DRG3ING5?q=*&paging.startRow=201,Ingredient code #5 for medication #3,"Taken from: National Hospital Ambulatory Medical Care Survey, 2003 - Outpatient Department Data."
214,GEN4,https://www.icpsr.umich.edu/icpsrweb/ICPSR/ssvd/studies/04406/datasets/0002/variables/GEN4?q=*&paging.startRow=201,Generic name code for medication #4,"Taken from: National Hospital Ambulatory Medical Care Survey, 2003 - Outpatient Department Data."
215,PRESCR4,https://www.icpsr.umich.edu/icpsrweb/ICPSR/ssvd/studies/04406/datasets/0002/variables/PRESCR4?q=*&paging.startRow=201,Prescription status code for medication #4,"Taken from: National Hospital Ambulatory Medical Care Survey, 2003 - Outpatient Department Data."
216,CONTSUB4,https://www.icpsr.umich.edu/icpsrweb/ICPSR/ssvd/studies/04406/datasets/0002/variables/CONTSUB4?q=*&paging.startRow=201,Controlled substance code for medication #4,"Taken from: National Hospital Ambulatory Medical Care Survey, 2003 - Outpatient Department Data."
217,COMSTAT4,https://www.icpsr.umich.edu/icpsrweb/ICPSR/ssvd/studies/04406/datasets/0002/variables/COMSTAT4?q=*&paging.startRow=201,Composition status code for medication #4,"Taken from: National Hospital Ambulatory Medical Care Survey, 2003 - Outpatient Department Data."
218,DRUG4CL1,https://www.icpsr.umich.edu/icpsrweb/ICPSR/ssvd/studies/04406/datasets/0002/variables/DRUG4CL1?q=*&paging.startRow=201,Drug class #1 for medication #4,"Taken from: National Hospital Ambulatory Medical Care Survey, 2003 - Outpatient Department Data."
219,DRUG4CL2,https://www.icpsr.umich.edu/icpsrweb/ICPSR/ssvd/studies/04406/datasets/0002/variables/DRUG4CL2?q=*&paging.startRow=201,Drug class #2 for medication #4,"Taken from: National Hospital Ambulatory Medical Care Survey, 2003 - Outpatient Department Data."
220,DRUG4CL3,https://www.icpsr.umich.edu/icpsrweb/ICPSR/ssvd/studies/04406/datasets/0002/variables/DRUG4CL3?q=*&paging.startRow=201,Drug class #3 for medication #4,"Taken from: National Hospital Ambulatory Medical Care Survey, 2003 - Outpatient Department Data."
221,DRG4ING1,https://www.icpsr.umich.edu/icpsrweb/ICPSR/ssvd/studies/04406/datasets/0002/variables/DRG4ING1?q=*&paging.startRow=201,Ingredient code #1 for medication #4,"Taken from: National Hospital Ambulatory Medical Care Survey, 2003 - Outpatient Department Data."
222,DRG4ING2,https://www.icpsr.umich.edu/icpsrweb/ICPSR/ssvd/studies/04406/datasets/0002/variables/DRG4ING2?q=*&paging.startRow=201,Ingredient code #2 for medication #4,"Taken from: National Hospital Ambulatory Medical Care Survey, 2003 - Outpatient Department Data."
223,DRG4ING3,https://www.icpsr.umich.edu/icpsrweb/ICPSR/ssvd/studies/04406/datasets/0002/variables/DRG4ING3?q=*&paging.startRow=201,Ingredient code #3 for medication #4,"Taken from: National Hospital Ambulatory Medical Care Survey, 2003 - Outpatient Department Data."
224,DRG4ING4,https://www.icpsr.umich.edu/icpsrweb/ICPSR/ssvd/studies/04406/datasets/0002/variables/DRG4ING4?q=*&paging.startRow=201,Ingredient code #4 for medication #4,"Taken from: National Hospital Ambulatory Medical Care Survey, 2003 - Outpatient Department Data."
225,DRG4ING5,https://www.icpsr.umich.edu/icpsrweb/ICPSR/ssvd/studies/04406/datasets/0002/variables/DRG4ING5?q=*&paging.startRow=201,Ingredient code #5 for medication #4,"Taken from: National Hospital Ambulatory Medical Care Survey, 2003 - Outpatient Department Data."
226,GEN5,https://www.icpsr.umich.edu/icpsrweb/ICPSR/ssvd/studies/04406/datasets/0002/variables/GEN5?q=*&paging.startRow=201,Generic name code for medication #5,"Taken from: National Hospital Ambulatory Medical Care Survey, 2003 - Outpatient Department Data."
227,PRESCR5,https://www.icpsr.umich.edu/icpsrweb/ICPSR/ssvd/studies/04406/datasets/0002/variables/PRESCR5?q=*&paging.startRow=201,Prescription status code for medication #5,"Taken from: National Hospital Ambulatory Medical Care Survey, 2003 - Outpatient Department Data."
228,CONTSUB5,https://www.icpsr.umich.edu/icpsrweb/ICPSR/ssvd/studies/04406/datasets/0002/variables/CONTSUB5?q=*&paging.startRow=201,Controlled substance code for medication #5,"Taken from: National Hospital Ambulatory Medical Care Survey, 2003 - Outpatient Department Data."
229,COMSTAT5,https://www.icpsr.umich.edu/icpsrweb/ICPSR/ssvd/studies/04406/datasets/0002/variables/COMSTAT5?q=*&paging.startRow=201,Composition status code for medication #5,"Taken from: National Hospital Ambulatory Medical Care Survey, 2003 - Outpatient Department Data."
230,DRUG5CL1,https://www.icpsr.umich.edu/icpsrweb/ICPSR/ssvd/studies/04406/datasets/0002/variables/DRUG5CL1?q=*&paging.startRow=201,Drug class #1 for medication #5,"Taken from: National Hospital Ambulatory Medical Care Survey, 2003 - Outpatient Department Data."
231,DRUG5CL2,https://www.icpsr.umich.edu/icpsrweb/ICPSR/ssvd/studies/04406/datasets/0002/variables/DRUG5CL2?q=*&paging.startRow=201,Drug class #2 for medication #5,"Taken from: National Hospital Ambulatory Medical Care Survey, 2003 - Outpatient Department Data."
232,DRUG5CL3,https://www.icpsr.umich.edu/icpsrweb/ICPSR/ssvd/studies/04406/datasets/0002/variables/DRUG5CL3?q=*&paging.startRow=201,Drug class #3 for medication #5,"Taken from: National Hospital Ambulatory Medical Care Survey, 2003 - Outpatient Department Data."
233,DRG5ING1,https://www.icpsr.umich.edu/icpsrweb/ICPSR/ssvd/studies/04406/datasets/0002/variables/DRG5ING1?q=*&paging.startRow=201,Ingredient code #1 for medication #5,"Taken from: National Hospital Ambulatory Medical Care Survey, 2003 - Outpatient Department Data."
234,DRG5ING2,https://www.icpsr.umich.edu/icpsrweb/ICPSR/ssvd/studies/04406/datasets/0002/variables/DRG5ING2?q=*&paging.startRow=201,Ingredient code #2 for medication #5,"Taken from: National Hospital Ambulatory Medical Care Survey, 2003 - Outpatient Department Data."
235,DRG5ING3,https://www.icpsr.umich.edu/icpsrweb/ICPSR/ssvd/studies/04406/datasets/0002/variables/DRG5ING3?q=*&paging.startRow=201,Ingredient code #3 for medication #5,"Taken from: National Hospital Ambulatory Medical Care Survey, 2003 - Outpatient Department Data."
236,DRG5ING4,https://www.icpsr.umich.edu/icpsrweb/ICPSR/ssvd/studies/04406/datasets/0002/variables/DRG5ING4?q=*&paging.startRow=201,Ingredient code #4 for medication #5,"Taken from: National Hospital Ambulatory Medical Care Survey, 2003 - Outpatient Department Data."
237,DRG5ING5,https://www.icpsr.umich.edu/icpsrweb/ICPSR/ssvd/studies/04406/datasets/0002/variables/DRG5ING5?q=*&paging.startRow=201,Ingredient code #5 for medication #5,"Taken from: National Hospital Ambulatory Medical Care Survey, 2003 - Outpatient Department Data."
238,GEN6,https://www.icpsr.umich.edu/icpsrweb/ICPSR/ssvd/studies/04406/datasets/0002/variables/GEN6?q=*&paging.startRow=201,Generic name code for medication #6,"Taken from: National Hospital Ambulatory Medical Care Survey, 2003 - Outpatient Department Data."
239,PRESCR6,https://www.icpsr.umich.edu/icpsrweb/ICPSR/ssvd/studies/04406/datasets/0002/variables/PRESCR6?q=*&paging.startRow=201,Prescription status code for medication #6,"Taken from: National Hospital Ambulatory Medical Care Survey, 2003 - Outpatient Department Data."
240,CONTSUB6,https://www.icpsr.umich.edu/icpsrweb/ICPSR/ssvd/studies/04406/datasets/0002/variables/CONTSUB6?q=*&paging.startRow=201,Controlled substance code for medication #6,"Taken from: National Hospital Ambulatory Medical Care Survey, 2003 - Outpatient Department Data."
241,COMSTAT6,https://www.icpsr.umich.edu/icpsrweb/ICPSR/ssvd/studies/04406/datasets/0002/variables/COMSTAT6?q=*&paging.startRow=201,Composition status code for medication #6,"Taken from: National Hospital Ambulatory Medical Care Survey, 2003 - Outpatient Department Data."
242,DRUG6CL1,https://www.icpsr.umich.edu/icpsrweb/ICPSR/ssvd/studies/04406/datasets/0002/variables/DRUG6CL1?q=*&paging.startRow=201,Drug class #1 for medication #6,"Taken from: National Hospital Ambulatory Medical Care Survey, 2003 - Outpatient Department Data."
243,DRUG6CL2,https://www.icpsr.umich.edu/icpsrweb/ICPSR/ssvd/studies/04406/datasets/0002/variables/DRUG6CL2?q=*&paging.startRow=201,Drug class #2 for medication #6,"Taken from: National Hospital Ambulatory Medical Care Survey, 2003 - Outpatient Department Data."
244,DRUG6CL3,https://www.icpsr.umich.edu/icpsrweb/ICPSR/ssvd/studies/04406/datasets/0002/variables/DRUG6CL3?q=*&paging.startRow=201,Drug class #3 for medication #6,"Taken from: National Hospital Ambulatory Medical Care Survey, 2003 - Outpatient Department Data."
245,DRG6ING1,https://www.icpsr.umich.edu/icpsrweb/ICPSR/ssvd/studies/04406/datasets/0002/variables/DRG6ING1?q=*&paging.startRow=201,Ingredient code #1 for medication #6,"Taken from: National Hospital Ambulatory Medical Care Survey, 2003 - Outpatient Department Data."
246,DRG6ING2,https://www.icpsr.umich.edu/icpsrweb/ICPSR/ssvd/studies/04406/datasets/0002/variables/DRG6ING2?q=*&paging.startRow=201,Ingredient code #2 for medication #6,"Taken from: National Hospital Ambulatory Medical Care Survey, 2003 - Outpatient Department Data."
247,DRG6ING3,https://www.icpsr.umich.edu/icpsrweb/ICPSR/ssvd/studies/04406/datasets/0002/variables/DRG6ING3?q=*&paging.startRow=201,Ingredient code #3 for medication #6,"Taken from: National Hospital Ambulatory Medical Care Survey, 2003 - Outpatient Department Data."
248,DRG6ING4,https://www.icpsr.umich.edu/icpsrweb/ICPSR/ssvd/studies/04406/datasets/0002/variables/DRG6ING4?q=*&paging.startRow=201,Ingredient code #4 for medication #6,"Taken from: National Hospital Ambulatory Medical Care Survey, 2003 - Outpatient Department Data."
249,DRG6ING5,https://www.icpsr.umich.edu/icpsrweb/ICPSR/ssvd/studies/04406/datasets/0002/variables/DRG6ING5?q=*&paging.startRow=201,Ingredient code #5 for medication #6,"Taken from: National Hospital Ambulatory Medical Care Survey, 2003 - Outpatient Department Data."
250,GEN7,https://www.icpsr.umich.edu/icpsrweb/ICPSR/ssvd/studies/04406/datasets/0002/variables/GEN7?q=*&paging.startRow=201,Generic name code for medication #7,"Taken from: National Hospital Ambulatory Medical Care Survey, 2003 - Outpatient Department Data."
